SUBWAY_ID,STATN_ID,STATN_NM,SUBWAY_LINE,SUBWAY_NEAR
1001,1001000100,소요산,1호선,동두천
1001,1001000101,동두천,1호선,"소요산,보산"
1001,1001000102,보산,1호선,"동두천,동두천중앙"
1001,1001000103,동두천중앙,1호선,"보산,지행"
1001,1001000104,지행,1호선,"동두천중앙,덕정"
1001,1001000105,덕정,1호선,"지행,덕계"
1001,1001000106,덕계,1호선,"덕정,양주"
1001,1001000107,양주,1호선,"덕계,녹양"
1001,1001000108,녹양,1호선,"양주,가능"
1001,1001000109,가능,1호선,"녹양,의정부"
1001,1001000110,의정부,1호선,"가능,회룡"
1001,1001000111,회룡,1호선,"의정부,망월사"
1001,1001000112,망월사,1호선,"회룡,도봉산"
1001,1001000113,도봉산,"1호선,7호선","망월사,도봉,장암,수락산"
1001,1001000114,도봉,1호선,"도봉산,방학"
1001,1001000115,방학,1호선,"도봉,창동"
1001,1001000116,창동,"1호선,4호선","방학,녹천,노원,쌍문"
1001,1001000117,녹천,1호선,"창동,월계"
1001,1001000118,월계,1호선,"녹천,광운대"
1001,1001000119,광운대,1호선,"월계,석계"
1001,1001000120,석계,"1호선,6호선","광운대,신이문,돌곶이,태릉입구"
1001,1001000121,신이문,1호선,"석계,외대앞"
1001,1001000122,외대앞,1호선,"신이문,회기"
1001,1001000123,회기,"1호선,경의중앙,경춘선","외대앞,청량리,중랑"
1001,1001000124,청량리,"1호선,경의중앙,경춘선","회기,제기동,왕십리"
1001,1001000125,제기동,1호선,"청량리,신설동"
1001,1001000126,신설동,"1호선,2호선,우이신설경전철","제기동,동묘앞,용두,보문"
1001,1001000127,동묘앞,"1호선,6호선","신설동,동대문,신당,창신"
1001,1001000128,동대문,"1호선,4호선","동묘앞,종로5가,혜화,동대문역사문화공원"
1001,1001000129,종로5가,1호선,"동대문,종로3가"
1001,1001000130,종로3가,"1호선,3호선,5호선","종로5가,종각,안국,을지로3가,광화문,을지로4가"
1001,1001000131,종각,1호선,"종로3가,시청"
1001,1001000132,시청,"1호선,2호선","종각,서울,을지로입구,충정로"
1001,1001000133,서울,"1호선,4호선,경의중앙,공항철도","시청,남영,회현,숙대입구,신촌(경의.중앙선),공덕"
1001,1001000134,남영,1호선,"서울,용산"
1001,1001000135,용산,"1호선,경의중앙","남영,노량진,이촌,효창공원앞"
1001,1001000136,노량진,"1호선,9호선","용산,대방,샛강,노들"
1001,1001000137,대방,1호선,"노량진,신길"
1001,1001000138,신길,"1호선,5호선","대방,영등포,영등포시장,여의도"
1001,1001000139,영등포,1호선,"신길,신도림"
1001,1001000140,신도림,"1호선,2호선","영등포,구로,대림,문래"
1001,1001000141,구로,1호선,"가산디지털단지,신도림,구일"
1001,1001080142,가산디지털단지,"1호선,7호선","구로,독산,남구로,철산"
1001,1001080143,독산,1호선,"가산디지털단지,금천구청"
1001,1001080144,금천구청,1호선,"독산,석수"
1001,1001080145,석수,1호선,"금천구청,관악"
1001,1001080146,관악,1호선,"석수,안양"
1001,1001080147,안양,1호선,"관악,명학"
1001,1001080148,명학,1호선,"안양,금정"
1001,1001080149,금정,"1호선,4호선","명학,군포,범계,산본"
1001,1001080150,군포,1호선,"금정,당정"
1001,1001080151,당정,1호선,"군포,의왕"
1001,1001080152,의왕,1호선,"당정,성균관대"
1001,1001080153,성균관대,1호선,"의왕,화서"
1001,1001080154,화서,1호선,"성균관대,수원"
1001,1001080155,수원,"1호선,수인분당선","화서,세류,매교,고색"
1001,1001080156,세류,1호선,"수원,병점"
1001,1001080157,병점,1호선,"세류,세마"
1001,1001080158,세마,1호선,"병점,오산대"
1001,1001080159,오산대,1호선,"세마,오산"
1001,1001080160,오산,1호선,"오산대,진위"
1001,1001080161,진위,1호선,"오산,송탄"
1001,1001080162,송탄,1호선,"진위,서정리"
1001,1001080163,서정리,1호선,"송탄,지제"
1001,1001080164,지제,1호선,"서정리,평택"
1001,1001080165,평택,1호선,"지제,성환"
1001,1001080166,성환,1호선,"평택,직산"
1001,1001080167,직산,1호선,"성환,두정"
1001,1001080168,두정,1호선,"직산,천안"
1001,1001080169,천안,1호선,"두정,봉명"
1001,1001080170,봉명,1호선,"천안,쌍용(나사렛대)"
1001,1001080171,쌍용(나사렛대),1호선,"봉명,아산"
1001,1001080172,아산,1호선,"쌍용(나사렛대),탕정"
1001,1001080173,탕정,1호선,"아산,배방"
1001,1001080174,배방,1호선,"탕정,온양온천"
1001,1001080175,온양온천,1호선,"배방,신창"
1001,1001080176,신창,1호선,온양온천
1001,1001000142,구일,1호선,"구로,개봉"
1001,1001000143,개봉,1호선,"구일,오류동"
1001,1001000144,오류동,1호선,"개봉,온수"
1001,1001000145,온수,"1호선,7호선","오류동,역곡,천왕,까치울"
1001,1001000146,역곡,1호선,"온수,소사"
1001,1001000147,소사,1호선,"역곡,부천"
1001,1001000148,부천,1호선,"소사,중동"
1001,1001000149,중동,1호선,"부천,송내"
1001,1001000150,송내,1호선,"중동,부개"
1001,1001000151,부개,1호선,"송내,부평"
1001,1001000152,부평,1호선,"부개,백운"
1001,1001000153,백운,1호선,"부평,동암"
1001,1001000154,동암,1호선,"백운,간석"
1001,1001000155,간석,1호선,"동암,주안"
1001,1001000156,주안,1호선,"간석,도화"
1001,1001000157,도화,1호선,"주안,제물포"
1001,1001000158,제물포,1호선,"도화,도원"
1001,1001000159,도원,1호선,"제물포,동인천"
1001,1001000160,동인천,1호선,"도원,인천"
1001,1001000161,인천,"1호선,수인분당선","동인천,신포"
1002,1002000201,시청,,
1002,1002000202,을지로입구,2호선,"시청,을지로3가"
1002,1002000203,을지로3가,"2호선,3호선","을지로입구,을지로4가,종로3가,충무로"
1002,1002000204,을지로4가,"2호선,5호선","을지로3가,동대문역사문화공원,종로3가"
1002,1002000205,동대문역사문화공원,"2호선,4호선,5호선","을지로4가,신당,동대문,충무로,청구"
1002,1002000206,신당,"2호선,6호선","동대문역사문화공원,상왕십리,청구,동묘앞"
1002,1002000207,상왕십리,2호선,"신당,왕십리"
1002,1002000208,왕십리,"2호선,5호선,경의중앙,수인분당선","상왕십리,한양대,행당,마장,응봉,청량리,서울숲"
1002,1002000209,한양대,2호선,"왕십리,뚝섬"
1002,1002000210,뚝섬,2호선,"한양대,성수"
1002,1002000211,성수,2호선,"뚝섬,건대입구,용답"
1002,1002000212,건대입구,"2호선,7호선","성수,구의,어린이대공원(세종대),뚝섬유원지"
1002,1002000213,구의,2호선,"건대입구,강변"
1002,1002000214,강변,2호선,"구의,잠실나루"
1002,1002000215,잠실나루,2호선,"강변,잠실"
1002,1002000216,잠실,"2호선,8호선","잠실나루,잠실새내,몽촌토성(평화의문),석촌"
1002,1002000217,잠실새내,2호선,"잠실,종합운동장"
1002,1002000218,종합운동장,"2호선,9호선","잠실새내,삼성,봉은사,삼전"
1002,1002000219,삼성,2호선,"종합운동장,선릉"
1002,1002000220,선릉,"2호선,수인분당선","삼성,역삼,선정릉,한티"
1002,1002000221,역삼,2호선,"선릉,강남"
1002,1002000222,강남,"2호선,신분당","역삼,교대,신논현,양재"
1002,1002000223,교대,"2호선,3호선","강남,서초,고속터미널,남부터미널"
1002,1002000224,서초,2호선,"교대,방배"
1002,1002000225,방배,2호선,"서초,사당"
1002,1002000226,사당,"2호선,4호선","방배,낙성대,총신대입구(이수),남태령"
1002,1002000227,낙성대,2호선,"사당,서울대입구"
1002,1002000228,서울대입구,2호선,"낙성대,봉천"
1002,1002000229,봉천,2호선,"서울대입구,신림"
1002,1002000230,신림,2호선,"봉천,신대방"
1002,1002000231,신대방,2호선,"신림,구로디지털단지"
1002,1002000232,구로디지털단지,2호선,"신대방,대림"
1002,1002000233,대림,"2호선,7호선","구로디지털단지,신도림,신풍,남구로"
1002,1002000234,신도림,,
1002,1002000235,문래,2호선,"신도림,영등포구청"
1002,1002000236,영등포구청,"2호선,5호선","문래,당산,양평,영등포시장"
1002,1002000237,당산,"2호선,9호선","영등포구청,합정,선유도,국회의사당"
1002,1002000238,합정,"2호선,6호선","당산,홍대입구,망원,상수"
1002,1002000239,홍대입구,"2호선,경의중앙,공항철도","합정,신촌,서강대,가좌,공덕,디지털미디어시티"
1002,1002000240,신촌,2호선,"홍대입구,이대"
1002,1002000241,이대,2호선,"신촌,아현"
1002,1002000242,아현,2호선,"이대,충정로"
1002,1002000243,충정로,"2호선,5호선","시청,아현,애오개,서대문"
1002,1002002111,용답,2호선,"성수,신답"
1002,1002002112,신답,2호선,"용답,용두"
1002,1002002113,용두,2호선,"신답,신설동"
1002,1002002114,신설동,,
1002,1002002341,도림천,2호선,"신도림,양천구청"
1002,1002002342,양천구청,2호선,"도림천,신정네거리"
1002,1002002343,신정네거리,2호선,"양천구청,까치산"
1002,1002002344,까치산,"2호선,5호선","신정네거리,화곡,신정(은행정)"
1003,1003000309,대화,3호선,주엽
1003,1003000310,주엽,3호선,"대화,정발산"
1003,1003000311,정발산,3호선,"주엽,마두"
1003,1003000312,마두,3호선,"정발산,백석"
1003,1003000313,백석,3호선,"마두,대곡"
1003,1003000314,대곡,"3호선,경의중앙","백석,화정,능곡,곡산"
1003,1003000315,화정,3호선,"대곡,원당"
1003,1003000316,원당,3호선,"화정,원흥"
1003,1003000317,원흥,3호선,"원당,삼송"
1003,1003000318,삼송,3호선,"원흥,지축"
1003,1003000319,지축,3호선,"삼송,구파발"
1003,1003000320,구파발,3호선,"지축,연신내"
1003,1003000321,연신내,"3호선,6호선","구파발,불광,독바위,구산"
1003,1003000322,불광,"3호선,6호선","연신내,녹번,역촌,독바위"
1003,1003000323,녹번,3호선,"불광,홍제"
1003,1003000324,홍제,3호선,"녹번,무악재"
1003,1003000325,무악재,3호선,"홍제,독립문"
1003,1003000326,독립문,3호선,"무악재,경복궁"
1003,1003000327,경복궁,3호선,"독립문,안국"
1003,1003000328,안국,3호선,"경복궁,종로3가"
1003,1003000329,종로3가,,
1003,1003000330,을지로3가,,
1003,1003000331,충무로,"3호선,4호선","을지로3가,동대입구,동대문역사문화공원,명동"
1003,1003000332,동대입구,3호선,"충무로,약수"
1003,1003000333,약수,"3호선,6호선","동대입구,금호,버티고개,청구"
1003,1003000334,금호,3호선,"약수,옥수"
1003,1003000335,옥수,"3호선,경의중앙","금호,압구정,한남,응봉"
1003,1003000336,압구정,3호선,"옥수,신사"
1003,1003000337,신사,"3호선,신분당","압구정,잠원,논현"
1003,1003000338,잠원,3호선,"신사,고속터미널"
1003,1003000339,고속터미널,"3호선,7호선,9호선","잠원,교대,반포,내방,신반포,사평"
1003,1003000340,교대,,
1003,1003000341,남부터미널,3호선,"교대,양재"
1003,1003000342,양재,"3호선,신분당","남부터미널,매봉,강남,양재시민의숲"
1003,1003000343,매봉,3호선,"양재,도곡"
1003,1003000344,도곡,"3호선,수인분당선","매봉,대치,한티,구룡"
1003,1003000345,대치,3호선,"도곡,학여울"
1003,1003000346,학여울,3호선,"대치,대청"
1003,1003000347,대청,3호선,"학여울,일원"
1003,1003000348,일원,3호선,"대청,수서"
1003,1003000349,수서,"3호선,수인분당선","일원,가락시장,대모산,복정"
1003,1003000350,가락시장,"3호선,8호선","수서,경찰병원,송파,문정"
1003,1003000351,경찰병원,3호선,"가락시장,오금"
1003,1003000352,오금,"3호선,5호선","경찰병원,방이,개롱"
1004,1004000409,당고개,4호선,상계
1004,1004000410,상계,4호선,"당고개,노원"
1004,1004000411,노원,"4호선,7호선","상계,창동,마들,중계"
1004,1004000412,창동,,
1004,1004000413,쌍문,4호선,"창동,수유"
1004,1004000414,수유,4호선,"쌍문,미아"
1004,1004000415,미아,4호선,"수유,미아사거리"
1004,1004000416,미아사거리,4호선,"미아,길음"
1004,1004000417,길음,4호선,"미아사거리,성신여대입구"
1004,1004000418,성신여대입구,"4호선,우이신설경전철","길음,한성대입구,정릉,보문"
1004,1004000419,한성대입구,4호선,"성신여대입구,혜화"
1004,1004000420,혜화,4호선,"한성대입구,동대문"
1004,1004000421,동대문,,
1004,1004000422,동대문역사문화공원,,
1004,1004000423,충무로,,
1004,1004000424,명동,4호선,"충무로,회현"
1004,1004000425,회현,4호선,"명동,서울"
1004,1004000426,서울,,
1004,1004000427,숙대입구,4호선,"서울,삼각지"
1004,1004000428,삼각지,"4호선,6호선","숙대입구,신용산,효창공원앞,녹사평"
1004,1004000429,신용산,4호선,"삼각지,이촌"
1004,1004000430,이촌,"4호선,경의중앙","신용산,동작,용산,서빙고"
1004,1004000431,동작,"4호선,9호선","이촌,총신대입구(이수),흑석,구반포"
1004,1004000432,총신대입구(이수),"4호선,7호선","동작,사당,내방,남성"
1004,1004000433,사당,,
1004,1004000434,남태령,4호선,"사당,선바위"
1004,1004000435,선바위,4호선,"남태령,경마공원"
1004,1004000436,경마공원,4호선,"선바위,대공원"
1004,1004000437,대공원,4호선,"경마공원,과천"
1004,1004000438,과천,4호선,"대공원,정부과천청사"
1004,1004000439,정부과천청사,4호선,"과천,인덕원"
1004,1004000440,인덕원,4호선,"정부과천청사,평촌"
1004,1004000441,평촌,4호선,"인덕원,범계"
1004,1004000442,범계,4호선,"평촌,금정"
1004,1004000443,금정,,
1004,1004000444,산본,4호선,"금정,수리산"
1004,1004000445,수리산,4호선,"산본,대야미"
1004,1004000446,대야미,4호선,"수리산,반월"
1004,1004000447,반월,4호선,"대야미,상록수"
1004,1004000448,상록수,4호선,"반월,한대앞"
1004,1004000449,한대앞,"4호선,수인분당선","상록수,중앙,사리"
1004,1004000450,중앙,"4호선,수인분당선","한대앞,고잔"
1004,1004000451,고잔,"4호선,수인분당선","중앙,초지"
1004,1004000452,초지,"4호선,수인분당선","고잔,안산"
1004,1004000453,안산,"4호선,수인분당선","초지,신길온천"
1004,1004000454,신길온천,"4호선,수인분당선","안산,정왕"
1004,1004000455,정왕,"4호선,수인분당선","신길온천,오이도"
1004,1004000456,오이도,"4호선,수인분당선","정왕,달월"
1005,1005000510,방화,5호선,개화산
1005,1005000511,개화산,5호선,"방화,김포공항"
1005,1005000512,김포공항,"5호선,9호선,공항철도","개화산,송정,개화,공항시장,마곡나루,계양"
1005,1005000513,송정,5호선,"김포공항,마곡"
1005,1005000514,마곡,5호선,"송정,발산"
1005,1005000515,발산,5호선,"마곡,우장산"
1005,1005000516,우장산,5호선,"발산,화곡"
1005,1005000517,화곡,5호선,"우장산,까치산"
1005,1005000518,까치산,,
1005,1005000519,신정(은행정),5호선,"까치산,목동"
1005,1005000520,목동,5호선,"신정(은행정),오목교(목동운동장앞)"
1005,1005000521,오목교(목동운동장앞),5호선,"목동,양평"
1005,1005000522,양평,"5호선,경의중앙","오목교(목동운동장앞),영등포구청,오빈,원덕"
1005,1005000523,영등포구청,,
1005,1005000524,영등포시장,5호선,"영등포구청,신길"
1005,1005000525,신길,,
1005,1005000526,여의도,"5호선,9호선","신길,여의나루,국회의사당,샛강"
1005,1005000527,여의나루,5호선,"여의도,마포"
1005,1005000528,마포,5호선,"여의나루,공덕"
1005,1005000529,공덕,"5호선,6호선,경의중앙,공항철도","마포,애오개,대흥(서강대앞),효창공원앞,서강대,서울,홍대입구"
1005,1005000530,애오개,5호선,"공덕,충정로"
1005,1005000531,충정로,,
1005,1005000532,서대문,5호선,"충정로,광화문"
1005,1005000533,광화문,5호선,"서대문,종로3가"
1005,1005000534,종로3가,,
1005,1005000535,을지로4가,,
1005,1005000536,동대문역사문화공원,,
1005,1005000537,청구,"5호선,6호선","동대문역사문화공원,신금호,약수,신당"
1005,1005000538,신금호,5호선,"청구,행당"
1005,1005000539,행당,5호선,"신금호,왕십리"
1005,1005000540,왕십리,,
1005,1005000541,마장,5호선,"왕십리,답십리"
1005,1005000542,답십리,5호선,"마장,장한평"
1005,1005000543,장한평,5호선,"답십리,군자(능동)"
1005,1005000544,군자(능동),"5호선,7호선","장한평,아차산(어린이대공원후문),중곡,어린이대공원(세종대)"
1005,1005000545,아차산(어린이대공원후문),5호선,"군자(능동),광나루(장신대)"
1005,1005000546,광나루(장신대),5호선,"아차산(어린이대공원후문),천호(풍납토성)"
1005,1005000547,천호(풍납토성),"5호선,8호선","광나루(장신대),강동,암사,강동구청"
1005,1005000548,강동,5호선,"천호(풍납토성),길동"
1005,1005080549,둔촌동,5호선,"강동,올림픽공원(한국체대)"
1005,1005080550,올림픽공원(한국체대),5호선,"둔촌동,방이"
1005,1005080551,방이,5호선,"올림픽공원(한국체대),오금"
1005,1005080552,오금,,
1005,1005080553,개롱,5호선,"오금,거여"
1005,1005080554,거여,5호선,"개롱,마천"
1005,1005080555,마천,5호선,거여
1005,1005000549,길동,5호선,"강동,굽은다리(강동구민회관앞)"
1005,1005000550,굽은다리(강동구민회관앞),5호선,"길동,명일"
1005,1005000551,명일,5호선,"굽은다리(강동구민회관앞),고덕"
1005,1005000552,고덕,5호선,"명일,상일동"
1005,1005000553,상일동,5호선,고덕
1006,1006000610,응암순환(상선),6호선,역촌
1006,1006000611,역촌,6호선,"응암순환(상선),불광"
1006,1006000612,불광,,
1006,1006000613,독바위,6호선,"불광,연신내"
1006,1006000614,연신내,,
1006,1006000615,구산,6호선,"응암순환(상선),연신내"
1006,1006000616,새절(신사),6호선,"응암순환(상선),증산(명지대앞)"
1006,1006000617,증산(명지대앞),6호선,"새절(신사),디지털미디어시티"
1006,1006000618,디지털미디어시티,"6호선,경의중앙,공항철도","증산(명지대앞),월드컵경기장(성산),가좌,수색,홍대입구,마곡나루"
1006,1006000619,월드컵경기장(성산),6호선,"디지털미디어시티,마포구청"
1006,1006000620,마포구청,6호선,"월드컵경기장(성산),망원"
1006,1006000621,망원,6호선,"마포구청,합정"
1006,1006000622,합정,,
1006,1006000623,상수,6호선,"합정,광흥창"
1006,1006000624,광흥창,6호선,"상수,대흥(서강대앞)"
1006,1006000625,대흥(서강대앞),6호선,"광흥창,공덕"
1006,1006000626,공덕,,
1006,1006000627,효창공원앞,"6호선,경의중앙","공덕,삼각지,용산"
1006,1006000628,삼각지,,
1006,1006000629,녹사평,6호선,"삼각지,이태원"
1006,1006000630,이태원,6호선,"녹사평,한강진"
1006,1006000631,한강진,6호선,"이태원,버티고개"
1006,1006000632,버티고개,6호선,"한강진,약수"
1006,1006000633,약수,,
1006,1006000634,청구,,
1006,1006000635,신당,,
1006,1006000636,동묘앞,,
1006,1006000637,창신,6호선,"동묘앞,보문"
1006,1006000638,보문,"6호선,우이신설경전철","창신,안암(고대병원앞),성신여대입구,신설동"
1006,1006000639,안암(고대병원앞),6호선,"보문,고려대"
1006,1006000640,고려대,6호선,"안암(고대병원앞),월곡(동덕여대)"
1006,1006000641,월곡(동덕여대),6호선,"고려대,상월곡(한국과학기술연구원)"
1006,1006000642,상월곡(한국과학기술연구원),6호선,"월곡(동덕여대),돌곶이"
1006,1006000643,돌곶이,6호선,"상월곡(한국과학기술연구원),석계"
1006,1006000644,석계,,
1006,1006000645,태릉입구,"6호선,7호선","석계,화랑대(서울여대입구),공릉(서울산업대입구),먹골"
1006,1006000646,화랑대(서울여대입구),6호선,"태릉입구,봉화산"
1006,1006000647,봉화산,6호선,"화랑대(서울여대입구),신내"
1006,1006000648,신내,"6호선,경춘선","봉화산,망우,갈매"
1007,1007000709,장암,7호선,도봉산
1007,1007000710,도봉산,,
1007,1007000711,수락산,7호선,"도봉산,마들"
1007,1007000712,마들,7호선,"수락산,노원"
1007,1007000713,노원,,
1007,1007000714,중계,7호선,"노원,하계"
1007,1007000715,하계,7호선,"중계,공릉(서울산업대입구)"
1007,1007000716,공릉(서울산업대입구),7호선,"하계,태릉입구"
1007,1007000717,태릉입구,,
1007,1007000718,먹골,7호선,"태릉입구,중화"
1007,1007000719,중화,7호선,"먹골,상봉"
1007,1007000720,상봉,"7호선,경의중앙,경춘선","중화,면목,중랑,망우"
1007,1007000721,면목,7호선,"상봉,사가정"
1007,1007000722,사가정,7호선,"면목,용마산"
1007,1007000723,용마산,7호선,"사가정,중곡"
1007,1007000724,중곡,7호선,"용마산,군자(능동)"
1007,1007000725,군자(능동),,
1007,1007000726,어린이대공원(세종대),7호선,"군자(능동),건대입구"
1007,1007000727,건대입구,,
1007,1007000728,뚝섬유원지,7호선,"건대입구,청담"
1007,1007000729,청담,7호선,"뚝섬유원지,강남구청"
1007,1007000730,강남구청,"7호선,수인분당선","청담,학동,압구정로데오,선정릉"
1007,1007000731,학동,7호선,"강남구청,논현"
1007,1007000732,논현,"7호선,신분당","학동,반포,신사,신논현"
1007,1007000733,반포,7호선,"논현,고속터미널"
1007,1007000734,고속터미널,,
1007,1007000735,내방,7호선,"고속터미널,총신대입구(이수)"
1007,1007000736,총신대입구(이수),,
1007,1007000737,남성,7호선,"총신대입구(이수),숭실대입구(살피재)"
1007,1007000738,숭실대입구(살피재),7호선,"남성,상도(중앙대앞)"
1007,1007000739,상도(중앙대앞),7호선,"숭실대입구(살피재),장승배기"
1007,1007000740,장승배기,7호선,"상도(중앙대앞),신대방삼거리"
1007,1007000741,신대방삼거리,7호선,"장승배기,보라매"
1007,1007000742,보라매,7호선,"신대방삼거리,신풍"
1007,1007000743,신풍,7호선,"보라매,대림"
1007,1007000744,대림,,
1007,1007000745,남구로,7호선,"대림,가산디지털단지"
1007,1007000746,가산디지털단지,,
1007,1007000747,철산,7호선,"가산디지털단지,광명사거리"
1007,1007000748,광명사거리,7호선,"철산,천왕"
1007,1007000749,천왕,7호선,"광명사거리,온수"
1007,1007000750,온수,,
1007,1007000751,까치울,7호선,"온수,부천종합운동장"
1007,1007000752,부천종합운동장,7호선,"까치울,춘의역"
1007,1007000753,춘의역,7호선,"부천종합운동장,신중동"
1007,1007000754,신중동,7호선,"춘의역,부천시청"
1007,1007000755,부천시청,7호선,"신중동,상동"
1007,1007000756,상동,7호선,"부천시청,삼산체육관"
1007,1007000757,삼산체육관,7호선,"상동,굴포천"
1007,1007000758,굴포천,7호선,"삼산체육관,부평구청"
1007,1007000759,부평구청,7호선,굴포천
1007,1007000760,산곡,7호선,부평구청
1007,1007000761,석남,7호선,산곡
1008,1008000810,암사,8호선,천호(풍납토성)
1008,1008000811,천호(풍납토성),,
1008,1008000812,강동구청,8호선,"천호(풍납토성),몽촌토성(평화의문)"
1008,1008000813,몽촌토성(평화의문),8호선,"강동구청,잠실"
1008,1008000814,잠실,,
1008,1008000815,석촌,"8호선,9호선","잠실,송파,석촌고분,송파나루"
1008,1008000816,송파,8호선,"석촌,가락시장"
1008,1008000817,가락시장,,
1008,1008000818,문정,8호선,"가락시장,장지"
1008,1008000819,장지,8호선,"문정,복정"
1008,1008000820,복정,"8호선,수인분당선","장지,남위례,수서,가천대"
1008,1008000821,남위례,8호선,"복정,산성"
1008,1008000822,산성,8호선,"남위례,남한산성입구(성남법원, 검찰청)"
1008,1008000823,"남한산성입구(성남법원, 검찰청)",8호선,"산성,단대오거리"
1008,1008000824,단대오거리,8호선,"남한산성입구(성남법원, 검찰청),신흥"
1008,1008000825,신흥,8호선,"단대오거리,수진"
1008,1008000826,수진,8호선,"신흥,모란"
1008,1008000827,모란,"8호선,수인분당선","수진,태평,야탑"
1009,1009000901,개화,9호선,김포공항
1009,1009000902,김포공항,,
1009,1009000903,공항시장,9호선,"김포공항,신방화"
1009,1009000904,신방화,9호선,"공항시장,마곡나루"
1009,1009000905,마곡나루,"9호선,공항철도","신방화,양천향교,디지털미디어시티,김포공항"
1009,1009000906,양천향교,9호선,"마곡나루,가양"
1009,1009000907,가양,9호선,"양천향교,증미"
1009,1009000908,증미,9호선,"가양,등촌"
1009,1009000909,등촌,9호선,"증미,염창"
1009,1009000910,염창,9호선,"등촌,신목동"
1009,1009000911,신목동,9호선,"염창,선유도"
1009,1009000912,선유도,9호선,"신목동,당산"
1009,1009000913,당산,,
1009,1009000914,국회의사당,9호선,"당산,여의도"
1009,1009000915,여의도,,
1009,1009000916,샛강,9호선,"여의도,노량진"
1009,1009000917,노량진,,
1009,1009000918,노들,9호선,"노량진,흑석"
1009,1009000919,흑석,9호선,"노들,동작"
1009,1009000920,동작,,
1009,1009000921,구반포,9호선,"동작,신반포"
1009,1009000922,신반포,9호선,"구반포,고속터미널"
1009,1009000923,고속터미널,,
1009,1009000924,사평,9호선,"고속터미널,신논현"
1009,1009000925,신논현,"9호선,신분당","사평,언주,논현,강남"
1009,1009000926,언주,9호선,"신논현,선정릉"
1009,1009000927,선정릉,"9호선,수인분당선","언주,삼성중앙,강남구청,선릉"
1009,1009000928,삼성중앙,9호선,"선정릉,봉은사"
1009,1009000929,봉은사,9호선,"삼성중앙,종합운동장"
1009,1009000930,종합운동장,,
1009,1009000931,삼전,9호선,"종합운동장,석촌고분"
1009,1009000932,석촌고분,9호선,"삼전,석촌"
1009,1009000933,석촌,,
1009,1009000934,송파나루,9호선,"석촌,한성백제"
1009,1009000935,한성백제,9호선,"송파나루,올림픽공원"
1009,1009000936,올림픽공원,9호선,"한성백제,둔촌오륜"
1009,1009000937,둔촌오륜,9호선,"올림픽공원,중앙보훈병원"
1009,1009000938,중앙보훈병원,9호선,둔촌오륜
1063,1063075110,용산,,
1063,1063075111,이촌,,
1063,1063075112,서빙고,경의중앙,"이촌,한남"
1063,1063075113,한남,경의중앙,"서빙고,옥수"
1063,1063075114,옥수,,
1063,1063075115,응봉,경의중앙,"옥수,왕십리"
1063,1063075116,왕십리,,
1063,1063075117,청량리,,
1063,1063075118,회기,,
1063,1063075119,중랑,"경의중앙,경춘선","회기,상봉"
1063,1063075120,상봉,,
1063,1063075121,망우,"경의중앙,경춘선","상봉,양원,신내"
1063,1063075122,양원,경의중앙,"망우,구리"
1063,1063075123,구리,경의중앙,"양원,도농"
1063,1063075124,도농,경의중앙,"구리,양정"
1063,1063075125,양정,경의중앙,"도농,덕소"
1063,1063075126,덕소,경의중앙,"양정,도심"
1063,1063075127,도심,경의중앙,"덕소,팔당"
1063,1063075128,팔당,경의중앙,"도심,운길산"
1063,1063075129,운길산,경의중앙,"팔당,양수"
1063,1063075130,양수,경의중앙,"운길산,신원"
1063,1063075131,신원,경의중앙,"양수,국수"
1063,1063075132,국수,경의중앙,"신원,아신"
1063,1063075133,아신,경의중앙,"국수,오빈"
1063,1063075134,오빈,경의중앙,"아신,양평"
1063,1063075135,양평,,
1063,1063075136,원덕,경의중앙,"양평,용문"
1063,1063075137,용문,경의중앙,"원덕,지평"
1063,1063075138,지평,경의중앙,용문
1063,1063075826,효창공원앞,,
1063,1063075312,공덕,,
1063,1063075313,서강대,경의중앙,"공덕,홍대입구"
1063,1063075314,홍대입구,,
1063,1063075315,가좌,경의중앙,"홍대입구,디지털미디어시티"
1063,1063075316,디지털미디어시티,,
1063,1063075317,수색,경의중앙,"디지털미디어시티,화전"
1063,1063075318,화전,경의중앙,"수색,강매"
1063,1063075319,강매,경의중앙,"화전,행신"
1063,1063075320,행신,경의중앙,"강매,능곡"
1063,1063075321,능곡,경의중앙,"행신,대곡"
1063,1063075322,대곡,,
1063,1063075323,곡산,경의중앙,"대곡,백마"
1063,1063075324,백마,경의중앙,"곡산,풍산"
1063,1063075325,풍산,경의중앙,"백마,일산"
1063,1063075326,일산,경의중앙,"풍산,탄현"
1063,1063075327,탄현,경의중앙,"일산,야당"
1063,1063075328,야당,경의중앙,"탄현,운정"
1063,1063075329,운정,경의중앙,"야당,금릉"
1063,1063075330,금릉,경의중앙,"운정,금촌"
1063,1063075331,금촌,경의중앙,"금릉,월롱"
1063,1063075333,월롱,경의중앙,"금촌,파주"
1063,1063075334,파주,경의중앙,"월롱,문산"
1063,1063075335,문산,경의중앙,파주
1063,1063080312,신촌(경의.중앙선),경의중앙,"가좌,서울"
1063,1063080313,서울,,
1065,1065006501,서울,,
1065,1065006502,공덕,,
1065,1065006503,홍대입구,,
1065,1065006504,디지털미디어시티,,
1065,1065065042,마곡나루,,
1065,1065006505,김포공항,,
1065,1065006506,계양,공항철도,"김포공항,검암"
1065,1065006507,검암,공항철도,"계양,청라국제도시"
1065,1065065071,청라국제도시,공항철도,"검암,영종"
1065,1065065072,영종,공항철도,"청라국제도시,운서"
1065,1065006508,운서,공항철도,"영종,공항화물청사"
1065,1065006509,공항화물청사,공항철도,"운서,인천공항1터미널"
1065,1065006510,인천공항1터미널,공항철도,공항화물청사
1065,1065006511,인천공항2터미널,공항철도,인천공항1터미널
1067,1067080119,광운대,,
1067,1067080116,청량리,,
1067,1067080117,회기,,
1067,1067080118,중랑,,
1067,1067080120,상봉,,
1067,1067080121,망우,,
1067,1067080122,신내,,
1067,1067080123,갈매,경춘선,"신내,별내"
1067,1067080124,별내,경춘선,"갈매,퇴계원"
1067,1067080125,퇴계원,경춘선,"별내,사릉"
1067,1067080126,사릉,경춘선,"퇴계원,금곡"
1067,1067080127,금곡,경춘선,"사릉,평내호평"
1067,1067080128,평내호평,경춘선,"금곡,천마산"
1067,1067080129,천마산,경춘선,"평내호평,마석"
1067,1067080130,마석,경춘선,"천마산,대성리"
1067,1067080131,대성리,경춘선,"마석,청평"
1067,1067080132,청평,경춘선,"대성리,상천"
1067,1067080133,상천,경춘선,"청평,가평"
1067,1067080134,가평,경춘선,"상천,굴봉산"
1067,1067080135,굴봉산,경춘선,"가평,백양리"
1067,1067080136,백양리,경춘선,"굴봉산,강촌"
1067,1067080137,강촌,경춘선,"백양리,김유정"
1067,1067080138,김유정,경춘선,"강촌,남춘천"
1067,1067080139,남춘천,경춘선,"김유정,춘천"
1067,1067080140,춘천,경춘선,남춘천
1075,1075075209,청량리,,
1075,1075075210,왕십리,,
1075,1075075211,서울숲,수인분당선,"왕십리,압구정로데오"
1075,1075075212,압구정로데오,수인분당선,"서울숲,강남구청"
1075,1075075213,강남구청,,
1075,1075075214,선정릉,,
1075,1075075215,선릉,,
1075,1075075216,한티,수인분당선,"선릉,도곡"
1075,1075075217,도곡,,
1075,1075075218,구룡,수인분당선,"도곡,개포동"
1075,1075075219,개포동,수인분당선,"구룡,대모산"
1075,1075075220,대모산,수인분당선,"개포동,수서"
1075,1075075221,수서,,
1075,1075075222,복정,,
1075,1075075223,가천대,수인분당선,"복정,태평"
1075,1075075224,태평,수인분당선,"가천대,모란"
1075,1075075225,모란,,
1075,1075075226,야탑,수인분당선,"모란,이매"
1075,1075075227,이매,수인분당선,"야탑,서현"
1075,1075075228,서현,수인분당선,"이매,수내"
1075,1075075229,수내,수인분당선,"서현,정자"
1075,1075075230,정자,"수인분당선,신분당","수내,미금,판교"
1075,1075075231,미금,"수인분당선,신분당","정자,오리,동천"
1075,1075075232,오리,수인분당선,"미금,죽전"
1075,1075075233,죽전,수인분당선,"오리,보정"
1075,1075075234,보정,수인분당선,"죽전,구성"
1075,1075075235,구성,수인분당선,"보정,신갈"
1075,1075075236,신갈,수인분당선,"구성,기흥"
1075,1075075237,기흥,수인분당선,"신갈,상갈"
1075,1075075238,상갈,수인분당선,"기흥,청명"
1075,1075075239,청명,수인분당선,"상갈,영통"
1075,1075075240,영통,수인분당선,"청명,망포"
1075,1075075241,망포,수인분당선,"영통,매탄권선"
1075,1075075242,매탄권선,수인분당선,"망포,수원시청"
1075,1075075243,수원시청,수인분당선,"매탄권선,매교"
1075,1075075244,매교,수인분당선,"수원시청,수원"
1075,1075075245,수원,,
1075,1075075246,고색,수인분당선,"수원,오목천"
1075,1075075247,오목천,수인분당선,"고색,어천"
1075,1075075248,어천,수인분당선,"오목천,야목"
1075,1075075249,야목,수인분당선,"어천,사리"
1075,1075075250,사리,수인분당선,"야목,한대앞"
1075,1075075251,한대앞,,
1075,1075075252,중앙,,
1075,1075075253,고잔,,
1075,1075075254,초지,,
1075,1075075255,안산,,
1075,1075075256,신길온천,,
1075,1075075257,정왕,,
1075,1075075258,오이도,,
1075,1075075259,달월,수인분당선,"오이도,월곶"
1075,1075075260,월곶,수인분당선,"달월,소래포구"
1075,1075075261,소래포구,수인분당선,"월곶,인천논현"
1075,1075075262,인천논현,수인분당선,"소래포구,호구포"
1075,1075075263,호구포,수인분당선,"인천논현,남동인더스파크"
1075,1075075264,남동인더스파크,수인분당선,"호구포,원인재"
1075,1075075265,원인재,수인분당선,"남동인더스파크,연수"
1075,1075075266,연수,수인분당선,"원인재,송도"
1075,1075075267,송도,수인분당선,"연수,인하대"
1075,1075075268,인하대,수인분당선,"송도,숭의"
1075,1075075269,숭의,수인분당선,"인하대,신포"
1075,1075075270,신포,수인분당선,"숭의,인천"
1075,1075075271,인천,,
1077,1077000684,신사,,
1077,1077000685,논현,,
1077,1077000686,신논현,,
1077,1077000687,강남,,
1077,1077000688,양재,,
1077,1077000689,양재시민의숲,신분당,"양재,청계산입구"
1077,1077006810,청계산입구,신분당,"양재시민의숲,판교"
1077,1077006811,판교,신분당,"청계산입구,정자"
1077,1077006812,정자,,
1077,1077006813,미금,,
1077,1077006814,동천,신분당,"미금,수지구청"
1077,1077006815,수지구청,신분당,"동천,성복"
1077,1077006816,성복,신분당,"수지구청,상현"
1077,1077006817,상현,신분당,"성복,광교중앙"
1077,1077006818,광교중앙,신분당,"상현,광교"
1077,1077006819,광교,신분당,광교중앙
1092,1092004701,북산한우이,우이신설경전철,솔밭공원
1092,1092004702,솔밭공원,우이신설경전철,"북산한우이,4.19 민주묘지"
1092,1092004703,4.19 민주묘지,우이신설경전철,"솔밭공원,가오리"
1092,1092004704,가오리,우이신설경전철,"4.19 민주묘지,화계"
1092,1092004705,화계,우이신설경전철,"가오리,삼양"
1092,1092004706,삼양,우이신설경전철,"화계,삼양사거리"
1092,1092004707,삼양사거리,우이신설경전철,"삼양,솔샘"
1092,1092004708,솔샘,우이신설경전철,"삼양사거리,북한산보국문"
1092,1092004709,북한산보국문,우이신설경전철,"솔샘,정릉"
1092,1092004710,정릉,우이신설경전철,"북한산보국문,성신여대입구"
1092,1092004711,성신여대입구,,
1092,1092004712,보문,,
1092,1092004713,신설동,,
